{
    "name": "root",
    "metadata": {
        "timer_format_version": "0.1.0",
        "start_time_seconds": "1706889815",
        "python_version": "3.9.13 (tags/v3.9.13:6de2ca5, May 17 2022, 16:36:42) [MSC v.1929 64 bit (AMD64)]",
        "command_line_arguments": "C:\\Users\\Marc\\Documents\\Unity\\ShoppingCart\\venv\\Scripts\\mlagents-learn config/configuration.yaml --run-id=multiplescene_test02",
        "mlagents_version": "0.30.0",
        "mlagents_envs_version": "0.30.0",
        "communication_protocol_version": "1.5.0",
        "pytorch_version": "1.7.1+cu110",
        "numpy_version": "1.21.2",
        "end_time_seconds": "1706889853"
    },
    "total": 38.542260999999996,
    "count": 1,
    "self": 0.005146899999992627,
    "children": {
        "run_training.setup": {
            "total": 0.09729169999999998,
            "count": 1,
            "self": 0.09729169999999998
        },
        "TrainerController.start_learning": {
            "total": 38.439822400000004,
            "count": 1,
            "self": 0.009783599999991566,
            "children": {
                "TrainerController._reset_env": {
                    "total": 7.0350788,
                    "count": 1,
                    "self": 7.0350788
                },
                "TrainerController.advance": {
                    "total": 31.335922000000014,
                    "count": 597,
                    "self": 0.009178300000005635,
                    "children": {
                        "env_step": {
                            "total": 31.096441599999995,
                            "count": 597,
                            "self": 30.103655000000014,
                            "children": {
                                "SubprocessEnvManager._take_step": {
                                    "total": 0.9870270999999757,
                                    "count": 597,
                                    "self": 0.029240999999947448,
                                    "children": {
                                        "TorchPolicy.evaluate": {
                                            "total": 0.9577861000000283,
                                            "count": 597,
                                            "self": 0.9577861000000283
                                        }
                                    }
                                },
                                "workers": {
                                    "total": 0.0057595000000052465,
                                    "count": 596,
                                    "self": 0.0,
                                    "children": {
                                        "worker_root": {
                                            "total": 9.1597646,
                                            "count": 596,
                                            "is_parallel": true,
                                            "self": 2.984622999999992,
                                            "children": {
                                                "steps_from_proto": {
                                                    "total": 0.0004163999999997614,
                                                    "count": 1,
                                                    "is_parallel": true,
                                                    "self": 0.000109600000000043,
                                                    "children": {
                                                        "_process_rank_one_or_two_observation": {
                                                            "total": 0.0003067999999997184,
                                                            "count": 4,
                                                            "is_parallel": true,
                                                            "self": 0.0003067999999997184
                                                        }
                                                    }
                                                },
                                                "UnityEnvironment.step": {
                                                    "total": 6.174725200000009,
                                                    "count": 596,
                                                    "is_parallel": true,
                                                    "self": 0.06102749999998469,
                                                    "children": {
                                                        "UnityEnvironment._generate_step_input": {
                                                            "total": 0.07065479999996871,
                                                            "count": 596,
                                                            "is_parallel": true,
                                                            "self": 0.07065479999996871
                                                        },
                                                        "communicator.exchange": {
                                                            "total": 5.879929200000018,
                                                            "count": 596,
                                                            "is_parallel": true,
                                                            "self": 5.879929200000018
                                                        },
                                                        "steps_from_proto": {
                                                            "total": 0.16311370000003755,
                                                            "count": 596,
                                                            "is_parallel": true,
                                                            "self": 0.05090030000009449,
                                                            "children": {
                                                                "_process_rank_one_or_two_observation": {
                                                                    "total": 0.11221339999994306,
                                                                    "count": 2384,
                                                                    "is_parallel": true,
                                                                    "self": 0.11221339999994306
                                                                }
                                                            }
                                                        }
                                                    }
                                                }
                                            }
                                        }
                                    }
                                }
                            }
                        },
                        "trainer_advance": {
                            "total": 0.2303021000000136,
                            "count": 596,
                            "self": 0.010630500000045728,
                            "children": {
                                "process_trajectory": {
                                    "total": 0.21967159999996788,
                                    "count": 596,
                                    "self": 0.21967159999996788
                                }
                            }
                        }
                    }
                },
                "trainer_threads": {
                    "total": 1.4000000021496817e-06,
                    "count": 1,
                    "self": 1.4000000021496817e-06
                },
                "TrainerController._save_models": {
                    "total": 0.059036599999998884,
                    "count": 1,
                    "self": 0.007490499999995848,