{
    "name": "root",
    "gauges": {
        "MoveToGoal.Policy.Entropy.mean": {
            "value": 2.0415120124816895,
            "min": 2.0415120124816895,
            "max": 2.0415120124816895,
            "count": 1
        },
        "MoveToGoal.Policy.Entropy.sum": {
            "value": 102220.546875,
            "min": 102220.546875,
            "max": 102220.546875,
            "count": 1
        },
        "MoveToGoal.Step.mean": {
            "value": 49937.0,
            "min": 49937.0,
            "max": 49937.0,
            "count": 1
        },
        "MoveToGoal.Step.sum": {
            "value": 49937.0,
            "min": 49937.0,
            "max": 49937.0,
            "count": 1
        },
        "MoveToGoal.Policy.ExtrinsicValueEstimate.mean": {
            "value": 1.5284873247146606,
            "min": 1.5284873247146606,
            "max": 1.5284873247146606,
            "count": 1
        },
        "MoveToGoal.Policy.ExtrinsicValueEstimate.sum": {
            "value": 609.866455078125,
            "min": 609.866455078125,
            "max": 609.866455078125,
            "count": 1
        },
        "MoveToGoal.Losses.PolicyLoss.mean": {
            "value": 0.07238916906353632,
            "min": 0.07238916906353632,
            "max": 0.07238916906353632,
            "count": 1
        },
        "MoveToGoal.Losses.PolicyLoss.sum": {
            "value": 1.37539421220719,
            "min": 1.37539421220719,
            "max": 1.37539421220719,
            "count": 1
        },
        "MoveToGoal.Losses.ValueLoss.mean": {
            "value": 0.27867285201710623,
            "min": 0.27867285201710623,
            "max": 0.27867285201710623,
            "count": 1
        },
        "MoveToGoal.Losses.ValueLoss.sum": {
            "value": 5.294784188325019,
            "min": 5.294784188325019,
            "max": 5.294784188325019,
            "count": 1
        },
        "MoveToGoal.Policy.LearningRate.mean": {
            "value": 0.00029802081381762367,
            "min": 0.00029802081381762367,
            "max": 0.00029802081381762367,
            "count": 1
        },
        "MoveToGoal.Policy.LearningRate.sum": {
            "value": 0.00566239546253485,
            "min": 0.00566239546253485,
            "max": 0.00566239546253485,
            "count": 1
        },
        "MoveToGoal.Policy.Epsilon.mean": {
            "value": 0.19934027105263155,
            "min": 0.19934027105263155,
            "max": 0.19934027105263155,
            "count": 1
        },
        "MoveToGoal.Policy.Epsilon.sum": {
            "value": 3.7874651499999996,
            "min": 3.7874651499999996,
            "max": 3.7874651499999996,
            "count": 1
        },
        "MoveToGoal.Policy.Beta.mean": {
            "value": 0.010000000000000004,
            "min": 0.010000000000000004,
            "max": 0.010000000000000004,
            "count": 1
        },
        "MoveToGoal.Policy.Beta.sum": {
            "value": 0.19000000000000006,
            "min": 0.19000000000000006,
            "max": 0.19000000000000006,
            "count": 1
        },
        "MoveToGoal.Environment.EpisodeLength.mean": {
            "value": 1925.590909090909,
            "min": 1925.590909090909,
            "max": 1925.590909090909,
            "count": 1
        },
        "MoveToGoal.Environment.EpisodeLength.sum": {
            "value": 42363.0,
            "min": 42363.0,
            "max": 42363.0,
            "count": 1
        },
        "MoveToGoal.Environment.CumulativeReward.mean": {
            "value": -11.985454179685224,
            "min": -11.985454179685224,
            "max": -11.985454179685224,
            "count": 1
        },
        "MoveToGoal.Environment.CumulativeReward.sum": {
            "value": -263.67999195307493,
            "min": -263.67999195307493,
            "max": -263.67999195307493,
            "count": 1
        },
        "MoveToGoal.Policy.ExtrinsicReward.mean": {
            "value": -11.985454179685224,
            "min": -11.985454179685224,
            "max": -11.985454179685224,
            "count": 1
        },
        "MoveToGoal.Policy.ExtrinsicReward.sum": {
            "value": -263.67999195307493,
            "min": -263.67999195307493,
            "max": -263.67999195307493,
            "count": 1
        },
        "MoveToGoal.IsTraining.mean": {
            "value": 1.0,
            "min": 1.0,
            "max": 1.0,
            "count": 1
        },
        "MoveToGoal.IsTraining.sum": {
            "value": 1.0,
            "min": 1.0,
            "max": 1.0,
            "count": 1
        }
    },
    "metadata": {
        "timer_format_version": "0.1.0",
        "start_time_seconds": "1708514076",
        "python_version": "3.9.13 (tags/v3.9.13:6de2ca5, May 17 2022, 16:36:42) [MSC v.1929 64 bit (AMD64)]",
        "command_line_arguments": "C:\\Users\\Marc\\Documents\\Unity\\ShoppingCart\\venv\\Scripts\\mlagents-learn config/configuration.yaml --run-id=agent_smallersurrounding_newconfig02",
        "mlagents_version": "0.30.0",
        "mlagents_envs_version": "0.30.0",
        "communication_protocol_version": "1.5.0",
        "pytorch_version": "1.7.1+cu110",
        "numpy_version": "1.21.2",
        "end_time_seconds": "1708514274"
    },
    "total": 198.0983172,
    "count": 1,
    "self": 0.0061556000000280164,
    "children": {
        "run_training.setup": {
            "total": 0.0835220000000001,
            "count": 1,
            "self": 0.0835220000000001
        },
        "TrainerController.start_learning": {
            "total": 198.00863959999998,
            "count": 1,
            "self": 0.1291786999994713,
            "children": {
                "TrainerController._reset_env": {
                    "total": 9.0468412,
                    "count": 1,
                    "self": 9.0468412
                },
                "TrainerController.advance": {
                    "total": 188.67040750000052,
                    "count": 7924,
                    "self": 0.13030720000037377,
                    "children": {
                        "env_step": {
                            "total": 166.0915122999997,
                            "count": 7924,
                            "self": 139.84571519999992,
                            "children": {
                                "SubprocessEnvManager._take_step": {
                                    "total": 26.162636399999762,
                                    "count": 7924,
                                    "self": 0.3605119999989128,
                                    "children": {
                                        "TorchPolicy.evaluate": {
                                            "total": 25.80212440000085,
                                            "count": 7924,
                                            "self": 25.80212440000085
                                        }
                                    }
                                },
                                "workers": {
                                    "total": 0.08316070000001474,
                                    "count": 7923,
                                    "self": 0.0,
                                    "children": {
                                        "worker_root": {
                                            "total": 129.39394919999972,
                                            "count": 7923,
                                            "is_parallel": true,
                                            "self": 58.07812460000076,
                                            "children": {
                                                "steps_from_proto": {
                                                    "total": 0.0009807000000003896,
                                                    "count": 1,
                                                    "is_parallel": true,