{
    "name": "root",
    "gauges": {
        "MoveToGoal.Policy.Entropy.mean": {
            "value": 1.2284436225891113,
            "min": 1.2284436225891113,
            "max": 2.1590633392333984,
            "count": 80
        },
        "MoveToGoal.Policy.Entropy.sum": {
            "value": 61389.01171875,
            "min": 61389.01171875,
            "max": 108091.34375,
            "count": 80
        },
        "MoveToGoal.Step.mean": {
            "value": 3999946.0,
            "min": 49936.0,
            "max": 3999946.0,
            "count": 80
        },
        "MoveToGoal.Step.sum": {
            "value": 3999946.0,
            "min": 49936.0,
            "max": 3999946.0,
            "count": 80
        },
        "MoveToGoal.Policy.ExtrinsicValueEstimate.mean": {
            "value": -0.09613173454999924,
            "min": -0.22695821523666382,
            "max": 0.3608590066432953,
            "count": 80
        },
        "MoveToGoal.Policy.ExtrinsicValueEstimate.sum": {
            "value": -77.2899169921875,
            "min": -181.7935333251953,
            "max": 293.7392272949219,
            "count": 80
        },
        "MoveToGoal.Losses.PolicyLoss.mean": {
            "value": 0.06860788585494292,
            "min": 0.06151742642738252,
            "max": 0.07095586352154519,
            "count": 80
        },
        "MoveToGoal.Losses.PolicyLoss.sum": {
            "value": 3.224570635182317,
            "min": 2.505367032569748,
            "max": 3.334925585512624,
            "count": 80
        },
        "MoveToGoal.Losses.ValueLoss.mean": {
            "value": 0.0316296626423801,
            "min": 0.001389056024723325,
            "max": 0.10039636101602603,
            "count": 80
        },
        "MoveToGoal.Losses.ValueLoss.sum": {
            "value": 1.4865941441918649,
            "min": 0.06528563316199627,
            "max": 4.718628967753223,
            "count": 80
        },
        "MoveToGoal.Policy.LearningRate.mean": {
            "value": 1.9031302167202139e-06,
            "min": 1.9031302167202139e-06,
            "max": 0.000298079972261631,
            "count": 80
        },
        "MoveToGoal.Policy.LearningRate.sum": {
            "value": 8.944712018585005e-05,
            "min": 8.944712018585005e-05,
            "max": 0.0134833616055462,
            "count": 80
        },
        "MoveToGoal.Policy.Epsilon.mean": {
            "value": 0.1006343436170213,
            "min": 0.1006343436170213,
            "max": 0.19935999054054054,
            "count": 80
        },
        "MoveToGoal.Policy.Epsilon.sum": {
            "value": 4.729814150000001,
            "min": 4.6862292000000005,
            "max": 9.194453799999998,
            "count": 80
        },
        "MoveToGoal.Policy.Beta.mean": {
            "value": 0.00020023965074468094,
            "min": 0.00020023965074468094,
            "max": 0.029808061163108114,
            "count": 80
        },
        "MoveToGoal.Policy.Beta.sum": {
            "value": 0.009411263585000005,
            "min": 0.009411263585000005,
            "max": 1.34835669462,
            "count": 80
        },
        "MoveToGoal.Environment.EpisodeLength.mean": {
            "value": 1648.0625,
            "min": 928.7037037037037,
            "max": 1999.0,
            "count": 80
        },
        "MoveToGoal.Environment.EpisodeLength.sum": {
            "value": 52738.0,
            "min": 43385.0,
            "max": 54994.0,
            "count": 80
        },
        "MoveToGoal.Environment.CumulativeReward.mean": {
            "value": -1.7774846290703863,
            "min": -4.652519567941244,
            "max": 2.8259350573988975,
            "count": 80
        },
        "MoveToGoal.Environment.CumulativeReward.sum": {
            "value": -56.87950813025236,
            "min": -120.96550876647234,
            "max": 152.60049309954047,
            "count": 80
        },
        "MoveToGoal.Policy.ExtrinsicReward.mean": {
            "value": -1.7774846290703863,
            "min": -4.652519567941244,
            "max": 2.8259350573988975,
            "count": 80
        },
        "MoveToGoal.Policy.ExtrinsicReward.sum": {
            "value": -56.87950813025236,
            "min": -120.96550876647234,
            "max": 152.60049309954047,
            "count": 80
        },
        "MoveToGoal.IsTraining.mean": {
            "value": 1.0,
            "min": 1.0,
            "max": 1.0,
            "count": 80
        },
        "MoveToGoal.IsTraining.sum": {
            "value": 1.0,
            "min": 1.0,
            "max": 1.0,
            "count": 80
        }
    },
    "metadata": {
        "timer_format_version": "0.1.0",
        "start_time_seconds": "1708629733",
        "python_version": "3.9.13 (tags/v3.9.13:6de2ca5, May 17 2022, 16:36:42) [MSC v.1929 64 bit (AMD64)]",
        "command_line_arguments": "C:\\Users\\Marc\\Documents\\Unity\\ShoppingCart\\venv\\Scripts\\mlagents-learn config/configuration.yaml --run-id=agent_lidarfront01",
        "mlagents_version": "0.30.0",
        "mlagents_envs_version": "0.30.0",
        "communication_protocol_version": "1.5.0",
        "pytorch_version": "1.7.1+cu110",
        "numpy_version": "1.21.2",
        "end_time_seconds": "1708638267"
    },
    "total": 8534.1806706,
    "count": 1,
    "self": 0.011172900000019581,
    "children": {
        "run_training.setup": {
            "total": 0.10257589999999972,
            "count": 1,
            "self": 0.10257589999999972
        },
        "TrainerController.start_learning": {
            "total": 8534.0669218,
            "count": 1,
            "self": 9.764588299933166,
            "children": {
                "TrainerController._reset_env": {
                    "total": 9.3010309,
                    "count": 1,
                    "self": 9.3010309
                },
                "TrainerController.advance": {
                    "total": 8514.929893000066,
                    "count": 573529,
                    "self": 8.62980179981605,
                    "children": {
                        "env_step": {
                            "total": 6809.318906900304,
                            "count": 573529,
                            "self": 4974.687367000335,
                            "children": {
                                "SubprocessEnvManager._take_step": {
                                    "total": 1828.8335285997478,
                                    "count": 573529,
                                    "self": 24.854403399759804,
                                    "children": {
                                        "TorchPolicy.evaluate": {
                                            "total": 1803.979125199988,
                                            "count": 571456,
                                            "self": 1803.979125199988
                                        }
                                    }
                                },
                                "workers": {
                                    "total": 5.798011300221038,
                                    "count": 573529,
                                    "self": 0.0,
                                    "children": {
                                        "worker_root": {
                                            "total": 8514.744391900062,
                                            "count": 573529,
                                            "is_parallel": true,
                                            "self": 4042.98105230033,
                                            "children": {
                                                "steps_from_proto": {
                                                    "total": 0.0008607000000004916,
                                                    "count": 1,
                                                    "is_parallel": true,